Риск-балл;Уровень риска;Риск-флаги;VIN;Автосалон;Марка;Модель;Год выпуска;Пробег;Состояние;Ценовой сегмент;Цена продажи факт;МЦП;Отклонение от МЦП, ₽;% цены к МЦП;% цены к рынку;Срок публикации;Срок хранения;Количество звонков;Статус звонков;GM2, ₽;GM2, %;Оценщик;Менеджер по продажам;Контракт;% затрат к рынку оценка;Оценок по VIN;flag_multiple_evaluations
15;Критический;"без публикации; нет данных по звонкам; ниже рынка; ниже 90% рынка; ниже 80% рынка; ниже рынка ≤7 дней; ниже МЦП; ниже 95% МЦП; ниже 90% МЦП";JTJBERBZ202066318;Avangard Приморский;Lexus;NX;2020;53152;B;2–3 млн ₽;2910000.0;3383720.9302325584;-473720.9302325584;86.0;76.0;0.0;6.0;;нет данных;130964.0;4.5;Бойцов Иван;Бойцов Иван;Trade-In на новый;75.0;1;False
15;Критический;"без публикации; нет данных по звонкам; ниже рынка; ниже 90% рынка; ниже 80% рынка; ниже рынка ≤7 дней; ниже МЦП; ниже 95% МЦП; ниже 90% МЦП";Z8TGUKS10JM008079;Avangard Приморский;Mitsubishi;Pajero Sport;2019;92350;D;1–2 млн ₽;1900000.0;2261904.761904762;-361904.7619047621;84.0;63.0;0.0;4.0;;нет данных;93815.0;4.9;Тронягин Кирилл;Тронягин Кирилл;Trade-In на новый;59.0;1;False
14;Критический;"без публикации; нет данных по звонкам; ниже рынка; ниже 90% рынка; ниже 80% рынка; ниже рынка ≤7 дней; ниже МЦП; ниже 95% МЦП";WDB4633461X242721;Avangard Приморский;Mercedes-Benz;G-Класс;2015;126018;C;3–5 млн ₽;3550000.0;3858695.652173913;-308695.6521739131;92.0;62.0;0.0;3.0;;нет данных;391750.0;11.0;Параничев Андрей;Параничев Андрей;Trade-In на новый;75.0;1;False
11;Критический;"без публикации; нет данных по звонкам; ниже рынка; ниже 90% рынка; ниже рынка ≤7 дней; ниже МЦП";YV1LFK2UCL1594859;Авангард Выкуп;Volvo;XC90;2023;139759;A;3–5 млн ₽;4475000.0;4710526.315789474;-235526.31578947417;95.0;82.0;0.0;11.0;;нет данных;231388.0;5.2;Мироненко Алексей;Мироненко Алексей;Выкуп;80.0;1;False
14;Критический;"без публикации; нет данных по звонкам; ниже рынка; ниже 90% рынка; ниже 80% рынка; ниже рынка ≤7 дней; ниже МЦП; ниже 95% МЦП";WP1ZZZ95ZFLB68669;Avangard Приморский;Porsche;Macan;2015;88395;D;2–3 млн ₽;2050000.0;2277777.7777777775;-227777.77777777752;90.0;62.0;0.0;1.0;;нет данных;104459.0;5.1;Бойцов Иван;Бойцов Иван;Trade-In на новый;57.99999999999999;1;False
14;Критический;"без публикации; нет данных по звонкам; ниже рынка; ниже 90% рынка; ниже 80% рынка; ниже рынка ≤7 дней; ниже МЦП; ниже 95% МЦП";W1V44770513859493;Avangard Приморский;Mercedes-Benz;Vito;2021;218974;D;2–3 млн ₽;2500000.0;2717391.304347826;-217391.30434782617;92.0;70.0;0.0;5.0;;нет данных;275580.0;11.0;Бойцов Иван;Бойцов Иван;Trade-In на новый;69.0;1;False
15;Критический;"без публикации; нет данных по звонкам; ниже рынка; ниже 90% рынка; ниже 80% рынка; ниже рынка ≤7 дней; ниже МЦП; ниже 95% МЦП; ниже 90% МЦП";LVVDB21B3PD172006;Avangard Приморский;Omoda;C5;2023;48502;C;1–2 млн ₽;1380000.0;1586206.896551724;-206206.89655172406;87.0;78.0;0.0;0.0;;нет данных;34370.0;2.5;Вырышев Максим;Вырышев Максим;Trade-In на новый;77.0;1;False
15;Критический;"без публикации; нет данных по звонкам; ниже рынка; ниже 90% рынка; ниже 80% рынка; ниже рынка ≤7 дней; ниже МЦП; ниже 95% МЦП; ниже 90% МЦП";Z94CT41CBHR558962;Avangard Приморский;Hyundai;Solaris;2016;147990;D;<1 млн ₽;300000.0;491803.2786885246;-191803.27868852462;61.0;38.0;0.0;5.0;;нет данных;34482.0;11.5;Поликарпов Денис;Кауров Андрей;Trade-In;44.0;1;False
15;Критический;"без публикации; нет данных по звонкам; ниже рынка; ниже 90% рынка; ниже 80% рынка; ниже рынка ≤7 дней; ниже МЦП; ниже 95% МЦП; ниже 90% МЦП";XWFSK6E01C0000681;Avangard Приморский;Chevrolet;Tahoe;2012;208000;C;1–2 млн ₽;1530000.0;1719101.1235955055;-189101.1235955055;89.0;65.0;0.0;20.0;;нет данных;35628.0;2.3;Вырышев Максим;Вырышев Максим;Trade-In на новый;64.0;1;False
15;Критический;"без публикации; нет данных по звонкам; ниже рынка; ниже 90% рынка; ниже 80% рынка; ниже рынка ≤7 дней; ниже МЦП; ниже 95% МЦП; ниже 90% МЦП";YV1BW754191098266;Avangard Приморский;Volvo;V70;2008;449100;C;<1 млн ₽;365000.0;553030.303030303;-188030.30303030298;66.0;43.0;0.0;11.0;;нет данных;71492.0;19.6;Вырышев Максим;Вырышев Максим;Trade-In на новый;44.0;1;False
15;Критический;"без публикации; нет данных по звонкам; ниже рынка; ниже 90% рынка; ниже 80% рынка; ниже рынка ≤7 дней; ниже МЦП; ниже 95% МЦП; ниже 90% МЦП";MR0FR22G300752881;Avangard Приморский;Toyota;Hilux;2013;216300;C;1–2 млн ₽;1300000.0;1477272.7272727273;-177272.7272727273;88.0;61.0;0.0;2.0;;нет данных;61178.0;4.7;Бойцов Иван;Бойцов Иван;Trade-In на новый;74.0;1;False
15;Критический;"без публикации; нет данных по звонкам; ниже рынка; ниже 90% рынка; ниже 80% рынка; ниже рынка ≤7 дней; ниже МЦП; ниже 95% МЦП; ниже 90% МЦП";X7L4SRAT455058769;Avangard Приморский;Renault;Logan;2016;192610;C;<1 млн ₽;250000.0;423728.81355932204;-173728.81355932204;59.0;41.0;0.0;3.0;;нет данных;41093.0;16.4;Параничев Андрей;Параничев Андрей;Trade-In на новый;63.0;1;False
15;Критический;"без публикации; нет данных по звонкам; ниже рынка; ниже 90% рынка; ниже 80% рынка; ниже рынка ≤7 дней; ниже МЦП; ниже 95% МЦП; ниже 90% МЦП";KL1YA755JCK547596;Avangard Приморский;Chevrolet;Orlando;2011;205108;B;<1 млн ₽;515000.0;668831.1688311688;-153831.1688311688;77.0;54.0;0.0;3.0;;нет данных;64953.0;12.6;Симаньков Артем;Симаньков Артем;Trade-In на новый;44.0;1;False
9;Критический;"ниже рынка; ниже 90% рынка; ниже 80% рынка; ниже МЦП; ниже 95% МЦП";LS4ASE2E2PA263214;Avangard Приморский;Changan;CS55 Plus;2023;101996;C;1–2 млн ₽;1500000.0;1630434.7826086956;-130434.78260869556;92.0;76.0;39.0;41.0;4.0;звонки были;100926.0;6.7;Симаньков Артем;Симаньков Артем;Trade-In на новый;81.0;1;False
7;Высокий;"ниже рынка; ниже 90% рынка; ниже МЦП; ниже 95% МЦП";Z94K241CBLR164899;Avangard Приморский;Hyundai;Solaris;2019;51567;C;1–2 млн ₽;1210000.0;1329670.3296703296;-119670.32967032958;91.0;82.0;8.0;48.0;19.0;звонки были;81365.0;6.7;Тронягин Кирилл;Петров Денис;Trade-In на БУ;79.0;1;False
10;Критический;"без публикации; нет данных по звонкам; ниже рынка; ниже рынка ≤7 дней; ниже МЦП";XWEPK81CDM0001561;Avangard Приморский;Kia;Sportage;2021;36260;C;2–3 млн ₽;2647000.0;2757291.666666667;-110291.66666666698;96.0;92.0;0.0;8.0;;нет данных;116564.0;4.4;Бойцов Иван;Бойцов Иван;Trade-In на новый;81.0;1;False
14;Критический;"без публикации; нет данных по звонкам; ниже рынка; ниже 90% рынка; ниже рынка ≤7 дней; ниже МЦП; ниже 95% МЦП; GM2<0";Z8NFBNJ11ES062978;Авангард Выкуп;Nissan;Qashqai;2018;68300;A;1–2 млн ₽;1693000.0;1801063.829787234;-108063.82978723408;94.0;86.0;0.0;43.0;;нет данных;-44988.0;-2.7;;;;;0;False
15;Критический;"без публикации; нет данных по звонкам; ниже рынка; ниже 90% рынка; ниже 80% рынка; ниже рынка ≤7 дней; ниже МЦП; ниже 95% МЦП; ниже 90% МЦП";X7LHSRDJN46998061;Avangard Приморский;Renault;Duster;2012;314750;D;<1 млн ₽;275000.0;381944.44444444444;-106944.44444444444;72.0;47.0;0.0;1.0;;нет данных;37767.0;13.7;Бойцов Иван;Бойцов Иван;Trade-In на новый;69.0;1;False
14;Критический;"без публикации; нет данных по звонкам; ниже рынка; ниже 90% рынка; ниже 80% рынка; ниже рынка ≤7 дней; ниже МЦП; ниже 95% МЦП";XWEJ281EAL0000223;Avangard Приморский;Kia;Soul;2019;92600;D;<1 млн ₽;900000.0;1000000.0;-100000.0;90.0;61.0;0.0;1.0;;нет данных;69895.0;7.8;Параничев Андрей;Параничев Андрей;Trade-In на новый;77.0;1;False
15;Критический;"без публикации; нет данных по звонкам; ниже рынка; ниже 90% рынка; ниже 80% рынка; ниже рынка ≤7 дней; ниже МЦП; ниже 95% МЦП; ниже 90% МЦП";JTJHF10U710197516;Avangard Приморский;Lexus;RX;2001;283302;D;<1 млн ₽;250000.0;347222.22222222225;-97222.22222222225;72.0;34.0;0.0;0.0;;нет данных;30477.0;12.2;Параничев Андрей;Параничев Андрей;Trade-In на новый;54.0;1;False
9;Критический;"ниже рынка; ниже 90% рынка; ниже 80% рынка; ниже МЦП; ниже 95% МЦП";RUMKE1978EV024525;Avangard Приморский;Mazda;CX-5;2014;158411;C;1–2 млн ₽;1240000.0;1333333.3333333333;-93333.33333333326;93.0;72.0;49.0;52.0;16.0;звонки были;6570.0;0.5;Жиганов Василий;Жиганов Василий;Trade-In;68.0;1;False
14;Критический;"без публикации; нет данных по звонкам; ниже рынка; ниже 90% рынка; ниже 80% рынка; ниже рынка ≤7 дней; ниже МЦП; ниже 95% МЦП";XW7B14HK20S220322;Avangard Приморский;Toyota;Camry;2021;281744;D;1–2 млн ₽;1400000.0;1489361.7021276597;-89361.7021276597;94.0;63.0;0.0;0.0;;нет данных;90637.0;6.5;Вырышев Максим;Вырышев Максим;Trade-In на новый;56.99999999999999;1;False
3;Средний;ниже МЦП;Z9M2130805L001776;Авангард Выкуп;Mercedes-Benz;E-Класс;2020;123621;A;2–3 млн ₽;2730000.0;2814432.9896907215;-84432.9896907215;97.0;102.0;13.0;52.0;4.0;звонки были;175220.0;6.4;Богачев Андрей;Богачев Андрей;Выкуп;81.0;1;False
12;Критический;"без публикации; нет данных по звонкам; ниже рынка; ниже 90% рынка; ниже рынка ≤7 дней; ниже МЦП; ниже 95% МЦП";VF38D4HLACL036980;Avangard Приморский;Peugeot;508;2012;146603;B;<1 млн ₽;850000.0;934065.934065934;-84065.93406593404;91.0;88.0;0.0;2.0;;нет данных;98665.0;11.6;Симаньков Артем;Симаньков Артем;Trade-In на новый;68.0;1;False
10;Критический;"0 звонков; ниже рынка; ниже 90% рынка; ниже рынка ≤7 дней; ниже МЦП";XW8AC4NE6LH021405;Авангард Выкуп;Skoda;Octavia;2020;72438;A;1–2 млн ₽;1890000.0;1968750.0;-78750.0;96.0;86.0;1.0;17.0;0.0;0 звонков;92120.0;4.9;Мироненко Алексей;Мироненко Алексей;Выкуп;80.0;1;False
6;Высокий;"ниже рынка; ниже 90% рынка; ниже МЦП; несколько оценок";RUMGJ523804019001;Авангард Выкуп;Mazda;6;2021;100250;A;2–3 млн ₽;2490000.0;2567010.309278351;-77010.30927835079;97.0;89.0;17.0;0.0;3.0;звонки были;;;Коротков Павел;Коротков Павел;Выкуп;80.0;2;True
8;Высокий;"ниже рынка; ниже 90% рынка; ниже МЦП; GM2<0; несколько оценок";Z8NFBNJ11ES132883;Avangard Приморский;Nissan;Qashqai;2021;119100;C;1–2 млн ₽;1821000.0;1896875.0;-75875.0;96.0;83.0;130.0;137.0;25.0;звонки были;-54094.0;-3.0;Параничев Андрей;Параничев Андрей;Trade-In на новый;80.0;2;True
6;Высокий;"без публикации; нет данных по звонкам; ниже МЦП";YV1PZK5VCM1136711;Авангард Выкуп;Volvo;V90 Cross Country;2024;144928;A;3–5 млн ₽;3690000.0;3765306.12244898;-75306.12244897988;98.0;;0.0;7.0;;нет данных;112479.0;3.0;;;;;0;False
15;Критический;"без публикации; нет данных по звонкам; ниже рынка; ниже 90% рынка; ниже 80% рынка; ниже рынка ≤7 дней; ниже МЦП; ниже 95% МЦП; ниже 90% МЦП";XW8ZZZ61ZCG058142;Avangard Приморский;Volkswagen;Polo;2012;244449;D;<1 млн ₽;210000.0;280000.0;-70000.0;75.0;31.0;0.0;10.0;;нет данных;69303.0;33.0;Жиганов Василий;Жиганов Василий;Trade-In;54.0;1;False
9;Критический;"ниже рынка; ниже 90% рынка; ниже МЦП; ниже 95% МЦП; GM2<0";XTAGFL440LY442869;Avangard Приморский;Lada (ВАЗ);Vesta;2020;46517;B;<1 млн ₽;930000.0;989361.7021276596;-59361.70212765958;94.0;84.0;133.0;154.0;12.0;звонки были;-79420.0;-8.5;;;;;0;False
8;Высокий;"ниже рынка; ниже 90% рынка; ниже МЦП; GM2<0";RUMGJ523803012161;Avangard Приморский;Mazda;6;2019;97408;C;1–2 млн ₽;1995000.0;2035714.2857142857;-40714.28571428568;98.0;80.0;126.0;134.0;47.0;звонки были;-82761.0;-4.1;;;;;0;False
9;Критический;"0 звонков; ниже рынка; ниже рынка ≤7 дней; ниже МЦП";LVVDB21B2PD965233;Avangard Приморский;Chery;Tiggo 4 Pro;2023;57850;B;1–2 млн ₽;1270000.0;1309278.3505154639;-39278.350515463855;97.0;90.0;4.0;7.0;0.0;0 звонков;106447.0;8.4;Параничев Андрей;Параничев Андрей;Trade-In на новый;81.0;1;False
14;Критический;"без публикации; нет данных по звонкам; ниже рынка; ниже 90% рынка; ниже 80% рынка; ниже рынка ≤7 дней; ниже МЦП; ниже 95% МЦП";XWFPD2D11E0014337;Avangard Приморский;Opel;Astra;2014;156230;D;<1 млн ₽;350000.0;388888.8888888889;-38888.888888888876;90.0;45.0;0.0;1.0;;нет данных;27167.0;7.8;Вырышев Максим;Вырышев Максим;Trade-In на БУ;75.0;1;False
14;Критический;"без публикации; нет данных по звонкам; ниже рынка; ниже 90% рынка; ниже 80% рынка; ниже рынка ≤7 дней; ниже МЦП; ниже 95% МЦП";Z6F5XXEEC5HR34764;Avangard Приморский;Ford;Focus;2017;126579;D;<1 млн ₽;600000.0;638297.8723404256;-38297.872340425616;94.0;61.0;0.0;8.0;;нет данных;60272.0;10.0;Вырышев Максим;Вырышев Максим;Trade-In на новый;49.0;1;False
5;Средний;"ниже рынка; ниже МЦП";Y4K8622Z1PB916180;Avangard Приморский;Geely;Coolray;2023;24415;A;1–2 млн ₽;1845000.0;1882653.06122449;-37653.06122448994;98.0;91.0;36.0;42.0;4.0;звонки были;106826.0;5.8;Вырышев Максим;Вырышев Максим;Trade-In на новый;79.0;1;False
5;Средний;"ниже рынка; ниже МЦП";XZGEE04AXSA598980;Avangard Приморский;Haval;Jolion;2025;4670;B;1–2 млн ₽;1799000.0;1835714.2857142857;-36714.28571428568;98.0;93.0;37.0;45.0;7.0;звонки были;142799.0;7.9;Тронягин Кирилл;Тронягин Кирилл;Trade-In на новый;83.0;1;False
13;Критический;"без публикации; нет данных по звонкам; ниже рынка; ниже 90% рынка; ниже 80% рынка; ниже рынка ≤7 дней; ниже МЦП";4T3BA3BB1AU013598;Avangard Приморский;Toyota;Venza;2010;211077;C;1–2 млн ₽;1080000.0;1113402.06185567;-33402.061855670065;97.0;72.0;0.0;5.0;;нет данных;62618.0;5.8;Вырышев Максим;Вырышев Максим;Trade-In на новый;82.0;1;False
15;Критический;"без публикации; нет данных по звонкам; ниже рынка; ниже 90% рынка; ниже 80% рынка; ниже рынка ≤7 дней; ниже МЦП; ниже 95% МЦП; ниже 90% МЦП";X9FAXXEEDA5U52056;Avangard Приморский;Ford;Focus;2005;175200;D;<1 млн ₽;50000.0;83333.33333333334;-33333.33333333334;60.0;24.0;0.0;1.0;;нет данных;28128.0;56.3;Жиганов Василий;Жиганов Василий;Trade-In;69.0;1;False
7;Высокий;"ниже рынка; ниже рынка ≤7 дней; ниже МЦП";XZGFF07AXPA110177;Avangard Приморский;Haval;H9;2023;20600;B;3–5 млн ₽;3299000.0;3332323.2323232326;-33323.23232323257;99.0;98.0;4.0;6.0;3.0;звонки были;250925.0;7.6;Бойцов Иван;Бойцов Иван;Trade-In на новый;81.0;1;False
13;Критический;"без публикации; нет данных по звонкам; ниже рынка; ниже 90% рынка; ниже 80% рынка; ниже рынка ≤7 дней; ниже МЦП";XW8AC4NH8HK126371;Avangard Приморский;Skoda;Rapid;2017;144650;D;<1 млн ₽;600000.0;631578.9473684211;-31578.947368421126;95.0;64.0;0.0;1.0;;нет данных;79445.0;13.2;Тронягин Кирилл;Тронягин Кирилл;Trade-In на новый;45.0;1;False
10;Критический;"ниже рынка; ниже 90% рынка; ниже 80% рынка; ниже МЦП; GM2<0";XW8AC2NH3KK122496;Avangard Приморский;Skoda;Rapid;2019;99358;C;1–2 млн ₽;1019000.0;1050515.4639175257;-31515.463917525718;97.0;75.0;81.0;97.0;9.0;звонки были;-21660.0;-2.1;;;;;0;False
13;Критический;"без публикации; нет данных по звонкам; ниже рынка; ниже 90% рынка; ниже 80% рынка; ниже рынка ≤7 дней; ниже МЦП";Z6FDXXEECDHU27469;Avangard Приморский;Ford;Mondeo;2017;109647;B;1–2 млн ₽;1500000.0;1530612.2448979593;-30612.24489795929;98.0;79.0;0.0;0.0;;нет данных;153937.0;10.3;Жиганов Василий;Полежаев Александр;Trade-In на БУ;83.0;1;False
5;Средний;"ниже рынка; ниже МЦП; несколько оценок";LB37852D8PS152195;Avangard Приморский;Geely;Monjaro;2023;38879;B;2–3 млн ₽;2999000.0;3029292.9292929294;-30292.92929292936;99.0;90.0;48.0;51.0;11.0;звонки были;42435.0;1.4;Бойцов Иван;Бойцов Иван;Trade-In на новый;84.0;2;True
3;Средний;ниже МЦП;JF1SH9LT5BG218172;Avangard Приморский;Subaru;Forester;2011;95400;B;1–2 млн ₽;1399000.0;1427551.0204081633;-28551.020408163313;98.0;135.0;88.0;102.0;47.0;звонки были;100118.0;7.2;;;;;0;False
7;Высокий;"0 звонков; ниже рынка; ниже МЦП";L6T7852D8ND109053;Avangard Приморский;Geely;Tugella;2022;29055;B;2–3 млн ₽;2740000.0;2767676.767676768;-27676.767676767893;99.0;91.0;11.0;12.0;0.0;0 звонков;270400.0;9.9;Вырышев Максим;Вырышев Максим;Trade-In на новый;81.0;1;False
6;Высокий;"ниже рынка; ниже 90% рынка; ниже МЦП";Z6F5XXEEC5JB58933;Avangard Приморский;Ford;Focus;2018;169456;B;<1 млн ₽;878000.0;905154.6391752578;-27154.639175257762;97.0;83.0;77.0;86.0;4.0;звонки были;60865.0;6.9;;;;;0;False
6;Высокий;"ниже рынка; ниже 90% рынка; ниже МЦП";Y4K8742Z4MB700571;Avangard Приморский;Geely;GS;2021;44955;B;1–2 млн ₽;1315000.0;1341836.7346938776;-26836.73469387763;98.0;81.0;36.0;38.0;4.0;звонки были;163141.0;12.4;Параничев Андрей;Симаньков Артем;Trade-In на новый;68.0;1;False
5;Средний;"ниже рынка; ниже МЦП";Y4K8622Z2RB922086;Avangard Приморский;Belgee;X50;2024;30182;B;1–2 млн ₽;1889000.0;1908080.808080808;-19080.808080808027;99.0;97.0;38.0;43.0;6.0;звонки были;44761.0;2.4;;;;;0;False
7;Высокий;"0 звонков; ниже рынка; ниже МЦП";LVVDB21B8RD755593;Avangard Приморский;Chery;Tiggo 7 Pro Max;2024;69935;B;1–2 млн ₽;1835000.0;1853535.3535353534;-18535.35353535344;99.0;99.0;13.0;16.0;0.0;0 звонков;247286.0;13.5;Жиганов Василий;Жиганов Василий;Trade-In;79.0;1;False
5;Средний;"ниже рынка; ниже МЦП";LGWEF4A58RF704437;Avangard Приморский;Haval;M6;2024;62017;B;1–2 млн ₽;1590000.0;1606060.606060606;-16060.606060605962;99.0;95.0;106.0;112.0;19.0;звонки были;94699.0;6.0;;;;;0;False
