Марка;Модель;Год выпуска;Цвет;VIN;Автосалон;Пробег;Состояние автомобиля;Срок хранения;Срок публикации;Цена продажи;% цены к рынку;GM2. Маржа, ₽;GM2. Маржа, %;Минимальная цена продажи (МЦП);% цены к МЦП;Контроль размещения на auto.ru
Lexus;NX;2020;зеленый;JTJBERBZ202066318;Avangard Приморский;53152;Хорошее (B);6;0;2910000;76;130964;4.5;3383720.9302325584;86;Не размещен
Mitsubishi;Pajero Sport;2019;серый;Z8TGUKS10JM008079;Avangard Приморский;92350;Плохое (D);4;0;1900000;63;93815;4.9;2261904.761904762;84;Не размещен
Mercedes-Benz;G-Класс;2015;черный;WDB4633461X242721;Avangard Приморский;126018;Среднее (C);3;0;3550000;62;391750;11;3858695.652173913;92;Не размещен
Volvo;XC90;2023;бежевый;YV1LFK2UCL1594859;Авангард Выкуп;139759;Отличное (A);11;0;4475000;82;231388;5.2;4710526.315789474;95;Не размещен
Porsche;Macan;2015;коричневый;WP1ZZZ95ZFLB68669;Avangard Приморский;88395;Плохое (D);1;0;2050000;62;104459;5.1;2277777.7777777775;90;Не размещен
Mercedes-Benz;Vito;2021;черный;W1V44770513859493;Avangard Приморский;218974;Плохое (D);5;0;2500000;70;275580;11;2717391.304347826;92;Не размещен
Omoda;C5;2023;серый;LVVDB21B3PD172006;Avangard Приморский;48502;Среднее (C);0;0;1380000;78;34370;2.5;1586206.896551724;87;Не размещен
Hyundai;Solaris;2016;серый;Z94CT41CBHR558962;Avangard Приморский;147990;Плохое (D);5;0;300000;38;34482;11.5;491803.2786885246;61;Не размещен
Chevrolet;Tahoe;2012;белый;XWFSK6E01C0000681;Avangard Приморский;208000;Среднее (C);20;0;1530000;65;35628;2.3;1719101.1235955055;89;Не размещен
Volvo;V70;2008;серебряный;YV1BW754191098266;Avangard Приморский;449100;Среднее (C);11;0;365000;43;71492;19.6;553030.303030303;66;Не размещен
Toyota;Hilux;2013;серый;MR0FR22G300752881;Avangard Приморский;216300;Среднее (C);2;0;1300000;61;61178;4.7;1477272.7272727273;88;Не размещен
Renault;Logan;2016;серый;X7L4SRAT455058769;Avangard Приморский;192610;Среднее (C);3;0;250000;41;41093;16.4;423728.81355932204;59;Не размещен
Chevrolet;Orlando;2011;серый;KL1YA755JCK547596;Avangard Приморский;205108;Хорошее (B);3;0;515000;54;64953;12.6;668831.1688311688;77;Не размещен
Changan;CS55 Plus;2023;серый;LS4ASE2E2PA263214;Avangard Приморский;101996;Среднее (C);41;39;1500000;76;100926;6.7;1630434.7826086956;92;Размещен
Hyundai;Solaris;2019;черный;Z94K241CBLR164899;Avangard Приморский;51567;Среднее (C);48;8;1210000;82;81365;6.7;1329670.3296703296;91;Размещен
Kia;Sportage;2021;черный;XWEPK81CDM0001561;Avangard Приморский;36260;Среднее (C);8;0;2647000;92;116564;4.4;2757291.666666667;96;Не размещен
Nissan;Qashqai;2018;серый;Z8NFBNJ11ES062978;Авангард Выкуп;68300;Отличное (A);43;0;1693000;86;-44988;-2.7;1801063.829787234;94;Не размещен
Renault;Duster;2012;коричневый;X7LHSRDJN46998061;Avangard Приморский;314750;Плохое (D);1;0;275000;47;37767;13.7;381944.44444444444;72;Не размещен
Kia;Soul;2019;черный;XWEJ281EAL0000223;Avangard Приморский;92600;Плохое (D);1;0;900000;61;69895;7.8;1000000.0;90;Не размещен
Lexus;RX;2001;белый;JTJHF10U710197516;Avangard Приморский;283302;Плохое (D);0;0;250000;34;30477;12.2;347222.22222222225;72;Не размещен
Mazda;CX-5;2014;серый;RUMKE1978EV024525;Avangard Приморский;158411;Среднее (C);52;49;1240000;72;6570;0.5;1333333.3333333333;93;Размещен
Toyota;Camry;2021;синий;XW7B14HK20S220322;Avangard Приморский;281744;Плохое (D);0;0;1400000;63;90637;6.5;1489361.7021276597;94;Не размещен
Mercedes-Benz;E-Класс;2020;черный;Z9M2130805L001776;Авангард Выкуп;123621;Отличное (A);52;13;2730000;102;175220;6.4;2814432.9896907215;97;Размещен
Peugeot;508;2012;коричневый;VF38D4HLACL036980;Avangard Приморский;146603;Хорошее (B);2;0;850000;88;98665;11.6;934065.934065934;91;Не размещен
Skoda;Octavia;2020;серый;XW8AC4NE6LH021405;Авангард Выкуп;72438;Отличное (A);17;1;1890000;86;92120;4.9;1968750.0;96;Размещен
Mazda;6;2021;черный;RUMGJ523804019001;Авангард Выкуп;100250;Отличное (A);0;17;2490000;89;;;2567010.309278351;97;Размещен
Nissan;Qashqai;2021;красный;Z8NFBNJ11ES132883;Avangard Приморский;119100;Среднее (C);137;130;1821000;83;-54094;-3;1896875.0;96;Размещен
Volvo;V90 Cross Country;2024;белый;YV1PZK5VCM1136711;Авангард Выкуп;144928;Отличное (A);7;0;3690000;;112479;3;3765306.12244898;98;Не размещен
Volkswagen;Polo;2012;синий;XW8ZZZ61ZCG058142;Avangard Приморский;244449;Плохое (D);10;0;210000;31;69303;33;280000.0;75;Не размещен
Lada (ВАЗ);Vesta;2020;серый;XTAGFL440LY442869;Avangard Приморский;46517;Хорошее (B);154;133;930000;84;-79420;-8.5;989361.7021276596;94;Размещен
Mazda;6;2019;серый;RUMGJ523803012161;Avangard Приморский;97408;Среднее (C);134;126;1995000;80;-82761;-4.1;2035714.2857142857;98;Размещен
Chery;Tiggo 4 Pro;2023;серый;LVVDB21B2PD965233;Avangard Приморский;57850;Хорошее (B);7;4;1270000;90;106447;8.4;1309278.3505154639;97;Размещен
Opel;Astra;2014;белый;XWFPD2D11E0014337;Avangard Приморский;156230;Плохое (D);1;0;350000;45;27167;7.8;388888.8888888889;90;Не размещен
Ford;Focus;2017;красный;Z6F5XXEEC5HR34764;Avangard Приморский;126579;Плохое (D);8;0;600000;61;60272;10;638297.8723404256;94;Не размещен
Geely;Coolray;2023;белый;Y4K8622Z1PB916180;Avangard Приморский;24415;Отличное (A);42;36;1845000;91;106826;5.8;1882653.06122449;98;Размещен
Haval;Jolion;2025;белый;XZGEE04AXSA598980;Avangard Приморский;4670;Хорошее (B);45;37;1799000;93;142799;7.9;1835714.2857142857;98;Размещен
Toyota;Venza;2010;серебряный;4T3BA3BB1AU013598;Avangard Приморский;211077;Среднее (C);5;0;1080000;72;62618;5.8;1113402.06185567;97;Не размещен
Ford;Focus;2005;красный;X9FAXXEEDA5U52056;Avangard Приморский;175200;Плохое (D);1;0;50000;24;28128;56.3;83333.33333333334;60;Не размещен
Haval;H9;2023;серый;XZGFF07AXPA110177;Avangard Приморский;20600;Хорошее (B);6;4;3299000;98;250925;7.6;3332323.2323232326;99;Размещен
Skoda;Rapid;2017;черный;XW8AC4NH8HK126371;Avangard Приморский;144650;Плохое (D);1;0;600000;64;79445;13.2;631578.9473684211;95;Не размещен
Skoda;Rapid;2019;белый;XW8AC2NH3KK122496;Avangard Приморский;99358;Среднее (C);97;81;1019000;75;-21660;-2.1;1050515.4639175257;97;Размещен
Ford;Mondeo;2017;черный;Z6FDXXEECDHU27469;Avangard Приморский;109647;Хорошее (B);0;0;1500000;79;153937;10.3;1530612.2448979593;98;Не размещен
Geely;Monjaro;2023;белый;LB37852D8PS152195;Avangard Приморский;38879;Хорошее (B);51;48;2999000;90;42435;1.4;3029292.9292929294;99;Размещен
Subaru;Forester;2011;серый;JF1SH9LT5BG218172;Avangard Приморский;95400;Хорошее (B);102;88;1399000;135;100118;7.2;1427551.0204081633;98;Размещен
Geely;Tugella;2022;серый;L6T7852D8ND109053;Avangard Приморский;29055;Хорошее (B);12;11;2740000;91;270400;9.9;2767676.767676768;99;Размещен
Ford;Focus;2018;синий;Z6F5XXEEC5JB58933;Avangard Приморский;169456;Хорошее (B);86;77;878000;83;60865;6.9;905154.6391752578;97;Размещен
Geely;GS;2021;белый;Y4K8742Z4MB700571;Avangard Приморский;44955;Хорошее (B);38;36;1315000;81;163141;12.4;1341836.7346938776;98;Размещен
Belgee;X50;2024;серый;Y4K8622Z2RB922086;Avangard Приморский;30182;Хорошее (B);43;38;1889000;97;44761;2.4;1908080.808080808;99;Размещен
Chery;Tiggo 7 Pro Max;2024;красный;LVVDB21B8RD755593;Avangard Приморский;69935;Хорошее (B);16;13;1835000;99;247286;13.5;1853535.3535353534;99;Размещен
Haval;M6;2024;черный;LGWEF4A58RF704437;Avangard Приморский;62017;Хорошее (B);112;106;1590000;95;94699;6;1606060.606060606;99;Размещен
Volvo;V50;2007;серый;YV1MW214272323766;Avangard Приморский;418419;Плохое (D);5;0;215000;31;75905;35.3;228723.40425531915;94;Не размещен
Mazda;3;2006;золотой;JMZBK12Z271516734;Avangard Приморский;358347;Плохое (D);5;0;70000;19;37848;54.1;82352.94117647059;85;Не размещен
Chevrolet;Cruze;2013;белый;XUFJA685JD3044105;Avangard Приморский;159708;Плохое (D);1;0;450000;70;34947;7.8;459183.67346938775;98;Не размещен
Kia;Ceed;2014;серый;XWEHM512AE0005014;Avangard Приморский;134093;Хорошее (B);100;94;826000;83;66463;8;834343.4343434344;99;Размещен
Lada (ВАЗ);Granta;2024;белый;XTA219040S1097597;Авангард Выкуп;7800;Отличное (A);151;61;699000;87;;;706060.6060606061;99;Размещен
УАЗ;Патриот;2013;белый;XTT316300D0007600;Avangard Приморский;131847;Плохое (D);1;0;210000;36;36054;17.2;216494.84536082475;97;Не размещен
Hyundai;Getz;2007;черный;KMHBU51BP7U720616;Avangard Приморский;173885;Плохое (D);5;0;210000;39;35710;17;214285.7142857143;98;Не размещен
